{"episode_types": ["t", "t"], "initial_reset_timestamp": 1556504524.3617387, "episode_rewards": [3.0, 128.0], "episode_lengths": [212, 1624], "timestamps": [1556504524.536272, 1556504528.3690193]}