{"episode_lengths": [300, 243, 214, 183, 182, 2088, 2088, 2088, 2088, 2088], "episode_rewards": [4.0, 4.0, 3.0, 2.0, 2.0, 321.0, 321.0, 321.0, 321.0, 321.0], "timestamps": [1556592788.3753204, 1556592788.5817692, 1556592788.715435, 1556592788.809189, 1556592788.9049315, 1556592792.9909737, 1556592797.284488, 1556592800.9935658, 1556592805.6491125, 1556592809.5826192], "episode_types": ["t", "t", "t", "t", "t", "t", "t", "t", "t", "t"], "initial_reset_timestamp": 1556592788.1399763}